{"v":"5.1.1","fr":30,"ip":0,"op":150,"w":750,"h":1334,"nm":"Ballons Animation","ddd":0,"assets":[{"id":"image_0","w":750,"h":1136,"u":"images/","p":"img_0.png"},{"id":"image_1","w":750,"h":1136,"u":"images/","p":"img_1.png"},{"id":"image_2","w":750,"h":1136,"u":"images/","p":"img_2.png"},{"id":"image_3","w":750,"h":1136,"u":"images/","p":"img_3.png"},{"id":"image_4","w":750,"h":1136,"u":"images/","p":"img_4.png"}],"layers":[{"ddd":0,"ind":1,"ty":2,"nm":"Blue_balloon.psd","cl":"psd","refId":"image_0","sr":1,"ks":{"o":{"a":0,"k":90,"ix":11},"r":{"a":0,"k":0,"ix":10},"p":{"a":1,"k":[{"i":{"x":0.667,"y":1},"o":{"x":0.333,"y":0},"n":"0p667_1_0p333_0","t":1,"s":[565,1767,0],"e":[41,-953,0],"to":[50.6666679382324,-710,0],"ti":[-174.66667175293,1110,0]},{"t":149}],"ix":2},"a":{"a":0,"k":[375,568,0],"ix":1},"s":{"a":1,"k":[{"i":{"x":[0.281,0.281,1],"y":[1.003,1.003,1]},"o":{"x":[0.635,0.635,0],"y":[0.033,0.033,0]},"n":["0p281_1p003_0p635_0p033","0p281_1p003_0p635_0p033","1_1_0_0"],"t":1,"s":[27.467,27.467,100],"e":[106.467,106.467,100]},{"t":82}],"ix":6}},"ao":0,"ip":0,"op":150,"st":0,"bm":0},{"ddd":0,"ind":2,"ty":2,"nm":"Green_balloon.psd","cl":"psd","refId":"image_1","sr":1,"ks":{"o":{"a":0,"k":90,"ix":11},"r":{"a":0,"k":0,"ix":10},"p":{"a":1,"k":[{"i":{"x":0.667,"y":1},"o":{"x":0.333,"y":0},"n":"0p667_1_0p333_0","t":0,"s":[675,1547,0],"e":[555,-342,0],"to":[108,-490.833343505859,0],"ti":[-80,1078.83337402344,0]},{"t":149}],"ix":2},"a":{"a":0,"k":[375,568,0],"ix":1},"s":{"a":1,"k":[{"i":{"x":[0.833,0.833,0.833],"y":[0.833,0.833,0.833]},"o":{"x":[0.167,0.167,0.167],"y":[0.167,0.167,0.167]},"n":["0p833_0p833_0p167_0p167","0p833_0p833_0p167_0p167","0p833_0p833_0p167_0p167"],"t":0,"s":[29.6,29.6,100],"e":[36,36,100]},{"i":{"x":[0.833,0.833,0.833],"y":[0.833,0.833,0.833]},"o":{"x":[0.167,0.167,0.167],"y":[0.167,0.167,0.167]},"n":["0p833_0p833_0p167_0p167","0p833_0p833_0p167_0p167","0p833_0p833_0p167_0p167"],"t":34,"s":[36,36,100],"e":[47,47,100]},{"t":149}],"ix":6}},"ao":0,"ip":0,"op":150,"st":0,"bm":0},{"ddd":0,"ind":3,"ty":2,"nm":"Orange_balloon.psd","cl":"psd","refId":"image_2","sr":1,"ks":{"o":{"a":0,"k":90,"ix":11},"r":{"a":0,"k":0,"ix":10},"p":{"a":1,"k":[{"i":{"x":0.667,"y":1},"o":{"x":0.333,"y":0},"n":"0p667_1_0p333_0","t":0,"s":[439,2083,0],"e":[631,-325,0],"to":[-58,-780,0],"ti":[10,1116,0]},{"t":149}],"ix":2},"a":{"a":0,"k":[375,568,0],"ix":1},"s":{"a":1,"k":[{"i":{"x":[0.833,0.833,0.833],"y":[0.833,0.833,0.833]},"o":{"x":[0.167,0.167,0.167],"y":[0.167,0.167,0.167]},"n":["0p833_0p833_0p167_0p167","0p833_0p833_0p167_0p167","0p833_0p833_0p167_0p167"],"t":0,"s":[29.341,29.341,100],"e":[52.341,52.341,100]},{"t":149}],"ix":6}},"ao":0,"ip":0,"op":150,"st":0,"bm":0},{"ddd":0,"ind":4,"ty":2,"nm":"Pink_balloon.psd","cl":"psd","refId":"image_3","sr":1,"ks":{"o":{"a":0,"k":90,"ix":11},"r":{"a":0,"k":0,"ix":10},"p":{"a":1,"k":[{"i":{"x":0.667,"y":1},"o":{"x":0.333,"y":0},"n":"0p667_1_0p333_0","t":0,"s":[541,1945,0],"e":[405,-207,0],"to":[212,-446.666656494141,0],"ti":[-212,490.666656494141,0]},{"t":149}],"ix":2},"a":{"a":0,"k":[375,568,0],"ix":1},"s":{"a":1,"k":[{"i":{"x":[0.833,0.833,0.833],"y":[0.833,0.833,0.833]},"o":{"x":[0.167,0.167,0.167],"y":[0.167,0.167,0.167]},"n":["0p833_0p833_0p167_0p167","0p833_0p833_0p167_0p167","0p833_0p833_0p167_0p167"],"t":0,"s":[30.667,30.667,100],"e":[43.667,43.667,100]},{"t":149}],"ix":6}},"ao":0,"ip":0,"op":150,"st":0,"bm":0},{"ddd":0,"ind":5,"ty":2,"nm":"Yellow_balloon.psd","cl":"psd","refId":"image_4","sr":1,"ks":{"o":{"a":0,"k":90,"ix":11},"r":{"a":0,"k":0,"ix":10},"p":{"a":1,"k":[{"i":{"x":0.667,"y":1},"o":{"x":0.333,"y":0},"n":"0p667_1_0p333_0","t":0,"s":[663,1527,0],"e":[-369,3,0],"to":[-88.6666641235352,-286,0],"ti":[62.6666679382324,650,0]},{"t":149}],"ix":2},"a":{"a":0,"k":[375,568,0],"ix":1},"s":{"a":0,"k":[31.733,31.733,100],"ix":6}},"ao":0,"ip":0,"op":150,"st":0,"bm":0}],"markers":[]}